{"cameraMode":{"drawMode":0,"name":"Shaded","section":"Shading Mode"},"sceneLighting":true,"audioPlay":false,"sceneViewState":{"showFog":true,"showMaterialUpdate":false,"showSkybox":false,"showFlares":true,"showImageEffects":true,"showParticleSystems":true},"in2DMode":false,"pivot":{"x":-5.656455993652344,"y":1.3347773551940919,"z":-349.6330261230469},"rotation":{"x":-0.01488357875496149,"y":0.6597055196762085,"z":-0.013070538640022278,"w":-0.7512658834457398},"size":5.678915977478027,"orthographic":false}